"","MinLossAminoAcidFrequency","AverageAminoAcidFrequency","EquilibriumAminoAcidFrequency","MeanRelativeSolventAccessibility"
"A",0.0583091582357286,0.0688525645283291,0.085828,0.782
"R",0.0545093069227419,0.05494077308302,0.057765,0.639
"N",0.0408861558005934,0.0395981460332038,0.042208,0.658
"D",0.0553794477202914,0.0508216350075852,0.056571,0.634
"C",0.0232838504284064,0.0211194083464632,0.010431,0.899
"E",0.0608861020870878,0.0689289061664978,0.067733,0.589
"Q",0.041642445409491,0.0456210256144418,0.039497,0.636
"G",0.0498974822672593,0.0593313942694792,0.065784,0.731
"H",0.028034088817318,0.0256392169902991,0.021005,0.731
"I",0.0588484321072006,0.0518867383440311,0.05476,0.875
"L",0.0993454582391649,0.103622361547282,0.099342,0.853
"K",0.0634984989856798,0.0611907622629412,0.059301,0.554
"M",0.0285298395083244,0.0230879689565637,0.019806,0.841
"F",0.0617780761392029,0.0414161415826867,0.042634,0.864
"P",0.0431518963422889,0.0493462601563104,0.039871,0.658
"S",0.0652414538321009,0.0728133375251481,0.069819,0.722
"T",0.0508190357645601,0.0519966028607372,0.055733,0.728
"W",0.00781452399336048,0.0131836740337195,0.014445,0.837
"Y",0.0432303310272486,0.0316342642131014,0.033186,0.813
"V",0.0724400752707274,0.0648118408391699,0.06428,0.857
